{
    "1": {
        "time": 15.019759178161621,
        "train_acc": 0.8010741993236523,
        "valid_acc": 0.796896757509449
    },
    "2": {
        "time": 14.746815919876099,
        "train_acc": 0.7887407996817187,
        "valid_acc": 0.7864531529739407
    },
    "4": {
        "time": 15.184768915176392,
        "train_acc": 0.7884921424308733,
        "valid_acc": 0.7852595981698827
    },
    "8": {
        "time": 20.927814245224,
        "train_acc": 0.7704893574696638,
        "valid_acc": 0.7690471454147603
    }
}